{
  "fold_rmsle": [
    0.6909143885866827,
    0.5481228352311469,
    0.594699827698881
  ],
  "mean_rmsle": 0.6112456838389035
}